scenario,distribution,days,density
current_nsw,isolation_swab,0,0.6065306597126334
current_nsw,test_turnaround_time,0,0.11553074178751796
current_nsw,time_to_interview,0,0.2614917210998025
current_nsw,interview_isolation,0,0.6065306597126334
current_nsw,isolation_swab,1,0.3032653298563167
current_nsw,test_turnaround_time,1,0.5632905527498494
current_nsw,time_to_interview,1,0.2667173021418806
current_nsw,interview_isolation,1,0.3032653298563167
current_nsw,isolation_swab,2,0.07581633246407919
current_nsw,test_turnaround_time,2,0.22974099986100172
current_nsw,time_to_interview,2,0.12134285280267355
current_nsw,interview_isolation,2,0.07581633246407919
current_nsw,isolation_swab,3,0.012636055410679864
current_nsw,test_turnaround_time,3,0.06336005189269332
current_nsw,time_to_interview,3,0.09627829257177578
current_nsw,interview_isolation,3,0.012636055410679864
current_nsw,isolation_swab,4,0.0015795069263349838
current_nsw,test_turnaround_time,4,0.013390168187925683
current_nsw,time_to_interview,4,0.07416071699832903
current_nsw,interview_isolation,4,0.0015795069263349838
current_nsw,isolation_swab,5,1.5795069263349796e-4
current_nsw,test_turnaround_time,5,0.005397766760876616
current_nsw,time_to_interview,5,0.08983746012456327
current_nsw,interview_isolation,5,1.5795069263349796e-4
current_nsw,isolation_swab,6,1.3162557719458172e-5
current_nsw,test_turnaround_time,6,0.0028262984756521337
current_nsw,time_to_interview,6,0.05262038584232113
current_nsw,interview_isolation,6,1.3162557719458172e-5
current_nsw,isolation_swab,7,9.401826942470148e-7
current_nsw,test_turnaround_time,7,0.0020618079043691795
current_nsw,time_to_interview,7,0.01828953364727328
current_nsw,interview_isolation,7,9.401826942470148e-7
current_nsw,isolation_swab,8,5.876141839043841e-8
current_nsw,test_turnaround_time,8,0.0017838113329935598
current_nsw,time_to_interview,8,0.007929515418502203
current_nsw,interview_isolation,8,5.876141839043841e-8
current_nsw,isolation_swab,9,3.264523243913249e-9
current_nsw,test_turnaround_time,9,9.498216188667006e-4
current_nsw,time_to_interview,9,0.004678717909767583
current_nsw,interview_isolation,9,3.264523243913249e-9
current_nsw,isolation_swab,10,1.632261621956627e-10
current_nsw,test_turnaround_time,10,5.791595236992077e-4
current_nsw,time_to_interview,10,0.0027646969466808445
current_nsw,interview_isolation,10,1.632261621956627e-10
current_nsw,isolation_swab,11,7.419371008893695e-12
current_nsw,test_turnaround_time,11,2.0849742853171479e-4
current_nsw,time_to_interview,11,0.001731733252316573
current_nsw,interview_isolation,11,7.419371008893695e-12
current_nsw,isolation_swab,12,3.0914045870390403e-13
current_nsw,test_turnaround_time,12,4.4016123801139787e-4
current_nsw,time_to_interview,12,0.0012152514051344372
current_nsw,interview_isolation,12,3.0914045870390403e-13
current_nsw,isolation_swab,13,1.189001764245786e-14
current_nsw,test_turnaround_time,13,1.1583190473984154e-4
current_nsw,time_to_interview,13,5.468631323104967e-4
current_nsw,interview_isolation,13,1.189001764245786e-14
current_nsw,isolation_swab,14,4.246434872306379e-16
current_nsw,test_turnaround_time,14,3.2432933327155634e-4
current_nsw,time_to_interview,14,3.9495670666869206e-4
current_nsw,interview_isolation,14,4.246434872306379e-16
current_vic,isolation_swab,0,0.6065306597126334
current_vic,test_turnaround_time,0,0.08005381769256643
current_vic,time_to_interview,0,0.5739621120515921
current_vic,interview_isolation,0,0.6065306597126334
current_vic,isolation_swab,1,0.3032653298563167
current_vic,test_turnaround_time,1,0.7307433568785738
current_vic,time_to_interview,1,0.35953244659411526
current_vic,interview_isolation,1,0.3032653298563167
current_vic,isolation_swab,2,0.07581633246407919
current_vic,test_turnaround_time,2,0.1718802556340397
current_vic,time_to_interview,2,0.042724707779121324
current_vic,interview_isolation,2,0.07581633246407919
current_vic,isolation_swab,3,0.012636055410679864
current_vic,test_turnaround_time,3,0.01580894719138917
current_vic,time_to_interview,3,0.012494961708988311
current_vic,interview_isolation,3,0.012636055410679864
current_vic,isolation_swab,4,0.0015795069263349838
current_vic,test_turnaround_time,4,0.0013454423141607804
current_vic,time_to_interview,4,0.004433696090286175
current_vic,interview_isolation,4,0.0015795069263349838
current_vic,isolation_swab,5,1.5795069263349796e-4
current_vic,test_turnaround_time,5,1.6818028927009755e-4
current_vic,time_to_interview,5,0.0028214429665457475
current_vic,interview_isolation,5,1.5795069263349796e-4
current_vic,isolation_swab,6,1.3162557719458172e-5
current_vic,test_turnaround_time,6,0
current_vic,time_to_interview,6,8.061265618702137e-4
current_vic,interview_isolation,6,1.3162557719458172e-5
current_vic,isolation_swab,7,9.401826942470148e-7
current_vic,test_turnaround_time,7,0
current_vic,time_to_interview,7,0.0016122531237404273
current_vic,interview_isolation,7,9.401826942470148e-7
current_vic,isolation_swab,8,5.876141839043841e-8
current_vic,test_turnaround_time,8,0
current_vic,time_to_interview,8,4.0306328093510683e-4
current_vic,interview_isolation,8,5.876141839043841e-8
current_vic,isolation_swab,9,3.264523243913249e-9
current_vic,test_turnaround_time,9,0
current_vic,time_to_interview,9,4.0306328093510683e-4
current_vic,interview_isolation,9,3.264523243913249e-9
current_vic,isolation_swab,10,1.632261621956627e-10
current_vic,test_turnaround_time,10,0
current_vic,time_to_interview,10,8.061265618702137e-4
current_vic,interview_isolation,10,1.632261621956627e-10
current_vic,isolation_swab,11,7.419371008893695e-12
current_vic,test_turnaround_time,11,0
current_vic,time_to_interview,11,0
current_vic,interview_isolation,11,7.419371008893695e-12
current_vic,isolation_swab,12,3.0914045870390403e-13
current_vic,test_turnaround_time,12,0
current_vic,time_to_interview,12,0
current_vic,interview_isolation,12,3.0914045870390403e-13
current_vic,isolation_swab,13,1.189001764245786e-14
current_vic,test_turnaround_time,13,0
current_vic,time_to_interview,13,0
current_vic,interview_isolation,13,1.189001764245786e-14
current_vic,isolation_swab,14,4.246434872306379e-16
current_vic,test_turnaround_time,14,0
current_vic,time_to_interview,14,0
current_vic,interview_isolation,14,4.246434872306379e-16
optimal,isolation_swab,0,0.6065306597126334
optimal,test_turnaround_time,0,0.12420382165605096
optimal,time_to_interview,0,0.7537058152793614
optimal,interview_isolation,0,0.6065306597126334
optimal,isolation_swab,1,0.3032653298563167
optimal,test_turnaround_time,1,0.5950106157112527
optimal,time_to_interview,1,0.22405929304446978
optimal,interview_isolation,1,0.3032653298563167
optimal,isolation_swab,2,0.07581633246407919
optimal,test_turnaround_time,2,0.25477707006369427
optimal,time_to_interview,2,0.018814139110604332
optimal,interview_isolation,2,0.07581633246407919
optimal,isolation_swab,3,0.012636055410679864
optimal,test_turnaround_time,3,0.016454352441613588
optimal,time_to_interview,3,0.0017103762827822121
optimal,interview_isolation,3,0.012636055410679864
optimal,isolation_swab,4,0.0015795069263349838
optimal,test_turnaround_time,4,0.006369426751592357
optimal,time_to_interview,4,0.0011402508551881414
optimal,interview_isolation,4,0.0015795069263349838
optimal,isolation_swab,5,1.5795069263349796e-4
optimal,test_turnaround_time,5,0.0021231422505307855
optimal,time_to_interview,5,0
optimal,interview_isolation,5,1.5795069263349796e-4
optimal,isolation_swab,6,1.3162557719458172e-5
optimal,test_turnaround_time,6,5.307855626326964e-4
optimal,time_to_interview,6,5.701254275940707e-4
optimal,interview_isolation,6,1.3162557719458172e-5
optimal,isolation_swab,7,9.401826942470148e-7
optimal,test_turnaround_time,7,5.307855626326964e-4
optimal,time_to_interview,7,0
optimal,interview_isolation,7,9.401826942470148e-7
optimal,isolation_swab,8,5.876141839043841e-8
optimal,test_turnaround_time,8,0
optimal,time_to_interview,8,0
optimal,interview_isolation,8,5.876141839043841e-8
optimal,isolation_swab,9,3.264523243913249e-9
optimal,test_turnaround_time,9,0
optimal,time_to_interview,9,0
optimal,interview_isolation,9,3.264523243913249e-9
optimal,isolation_swab,10,1.632261621956627e-10
optimal,test_turnaround_time,10,0
optimal,time_to_interview,10,0
optimal,interview_isolation,10,1.632261621956627e-10
optimal,isolation_swab,11,7.419371008893695e-12
optimal,test_turnaround_time,11,0
optimal,time_to_interview,11,0
optimal,interview_isolation,11,7.419371008893695e-12
optimal,isolation_swab,12,3.0914045870390403e-13
optimal,test_turnaround_time,12,0
optimal,time_to_interview,12,0
optimal,interview_isolation,12,3.0914045870390403e-13
optimal,isolation_swab,13,1.189001764245786e-14
optimal,test_turnaround_time,13,0
optimal,time_to_interview,13,0
optimal,interview_isolation,13,1.189001764245786e-14
optimal,isolation_swab,14,4.246434872306379e-16
optimal,test_turnaround_time,14,0
optimal,time_to_interview,14,0
optimal,interview_isolation,14,4.246434872306379e-16
partial,isolation_swab,0,0.6065306597126334
partial,test_turnaround_time,0,0.03529763685312594
partial,time_to_interview,0,0.24080028581636298
partial,interview_isolation,0,0.6065306597126334
partial,isolation_swab,1,0.3032653298563167
partial,test_turnaround_time,1,0.2425964702363147
partial,time_to_interview,1,0.4301536262951054
partial,interview_isolation,1,0.3032653298563167
partial,isolation_swab,2,0.07581633246407919
partial,test_turnaround_time,2,0.3909661980257254
partial,time_to_interview,2,0.1218292247231154
partial,interview_isolation,2,0.07581633246407919
partial,isolation_swab,3,0.012636055410679864
partial,test_turnaround_time,3,0.20729883338318875
partial,time_to_interview,3,0.05501964987495534
partial,interview_isolation,3,0.012636055410679864
partial,isolation_swab,4,0.0015795069263349838
partial,test_turnaround_time,4,0.06790308106491176
partial,time_to_interview,4,0.031082529474812434
partial,interview_isolation,4,0.0015795069263349838
partial,isolation_swab,5,1.5795069263349796e-4
partial,test_turnaround_time,5,0.04367334729285073
partial,time_to_interview,5,0.01679171132547338
partial,interview_isolation,5,1.5795069263349796e-4
partial,isolation_swab,6,1.3162557719458172e-5
partial,test_turnaround_time,6,0.007777445408315884
partial,time_to_interview,6,0.019649874955341193
partial,interview_isolation,6,1.3162557719458172e-5
partial,isolation_swab,7,9.401826942470148e-7
partial,test_turnaround_time,7,5.982650314089142e-4
partial,time_to_interview,7,0.014648088603072526
partial,interview_isolation,7,9.401826942470148e-7
partial,isolation_swab,8,5.876141839043841e-8
partial,test_turnaround_time,8,8.973975471133712e-4
partial,time_to_interview,8,0.015719899964272956
partial,interview_isolation,8,5.876141839043841e-8
partial,isolation_swab,9,3.264523243913249e-9
partial,test_turnaround_time,9,8.973975471133712e-4
partial,time_to_interview,9,0.012504465880671669
partial,interview_isolation,9,3.264523243913249e-9
partial,isolation_swab,10,1.632261621956627e-10
partial,test_turnaround_time,10,2.991325157044571e-4
partial,time_to_interview,10,0.00857449088960343
partial,interview_isolation,10,1.632261621956627e-10
partial,isolation_swab,11,7.419371008893695e-12
partial,test_turnaround_time,11,0
partial,time_to_interview,11,0.01714898177920686
partial,interview_isolation,11,7.419371008893695e-12
partial,isolation_swab,12,3.0914045870390403e-13
partial,test_turnaround_time,12,2.991325157044571e-4
partial,time_to_interview,12,0.00857449088960343
partial,interview_isolation,12,3.0914045870390403e-13
partial,isolation_swab,13,1.189001764245786e-14
partial,test_turnaround_time,13,0.0011965300628178283
partial,time_to_interview,13,0.0053590568060021436
partial,interview_isolation,13,1.189001764245786e-14
partial,isolation_swab,14,4.246434872306379e-16
partial,test_turnaround_time,14,2.991325157044571e-4
partial,time_to_interview,14,0.0021436227224008574
partial,interview_isolation,14,4.246434872306379e-16
current_nsw_case_init_0.2,isolation_swab,0,0.6065306597126334
current_nsw_case_init_0.2,test_turnaround_time,0,0.11553074178751796
current_nsw_case_init_0.2,time_to_interview,0,0.40919337687984203
current_nsw_case_init_0.2,interview_isolation,0,0.6065306597126334
current_nsw_case_init_0.2,isolation_swab,1,0.3032653298563167
current_nsw_case_init_0.2,test_turnaround_time,1,0.5632905527498494
current_nsw_case_init_0.2,time_to_interview,1,0.2133738417135045
current_nsw_case_init_0.2,interview_isolation,1,0.3032653298563167
current_nsw_case_init_0.2,isolation_swab,2,0.07581633246407919
current_nsw_case_init_0.2,test_turnaround_time,2,0.22974099986100172
current_nsw_case_init_0.2,time_to_interview,2,0.09707428224213885
current_nsw_case_init_0.2,interview_isolation,2,0.07581633246407919
current_nsw_case_init_0.2,isolation_swab,3,0.012636055410679864
current_nsw_case_init_0.2,test_turnaround_time,3,0.06336005189269332
current_nsw_case_init_0.2,time_to_interview,3,0.07702263405742063
current_nsw_case_init_0.2,interview_isolation,3,0.012636055410679864
current_nsw_case_init_0.2,isolation_swab,4,0.0015795069263349838
current_nsw_case_init_0.2,test_turnaround_time,4,0.013390168187925683
current_nsw_case_init_0.2,time_to_interview,4,0.059328573598663226
current_nsw_case_init_0.2,interview_isolation,4,0.0015795069263349838
current_nsw_case_init_0.2,isolation_swab,5,1.5795069263349796e-4
current_nsw_case_init_0.2,test_turnaround_time,5,0.005397766760876616
current_nsw_case_init_0.2,time_to_interview,5,0.07186996809965061
current_nsw_case_init_0.2,interview_isolation,5,1.5795069263349796e-4
current_nsw_case_init_0.2,isolation_swab,6,1.3162557719458172e-5
current_nsw_case_init_0.2,test_turnaround_time,6,0.0028262984756521337
current_nsw_case_init_0.2,time_to_interview,6,0.04209630867385691
current_nsw_case_init_0.2,interview_isolation,6,1.3162557719458172e-5
current_nsw_case_init_0.2,isolation_swab,7,9.401826942470148e-7
current_nsw_case_init_0.2,test_turnaround_time,7,0.0020618079043691795
current_nsw_case_init_0.2,time_to_interview,7,0.014631626917818625
current_nsw_case_init_0.2,interview_isolation,7,9.401826942470148e-7
current_nsw_case_init_0.2,isolation_swab,8,5.876141839043841e-8
current_nsw_case_init_0.2,test_turnaround_time,8,0.0017838113329935598
current_nsw_case_init_0.2,time_to_interview,8,0.006343612334801763
current_nsw_case_init_0.2,interview_isolation,8,5.876141839043841e-8
current_nsw_case_init_0.2,isolation_swab,9,3.264523243913249e-9
current_nsw_case_init_0.2,test_turnaround_time,9,9.498216188667006e-4
current_nsw_case_init_0.2,time_to_interview,9,0.0037429743278140667
current_nsw_case_init_0.2,interview_isolation,9,3.264523243913249e-9
current_nsw_case_init_0.2,isolation_swab,10,1.632261621956627e-10
current_nsw_case_init_0.2,test_turnaround_time,10,5.791595236992077e-4
current_nsw_case_init_0.2,time_to_interview,10,0.0022117575573446756
current_nsw_case_init_0.2,interview_isolation,10,1.632261621956627e-10
current_nsw_case_init_0.2,isolation_swab,11,7.419371008893695e-12
current_nsw_case_init_0.2,test_turnaround_time,11,2.0849742853171479e-4
current_nsw_case_init_0.2,time_to_interview,11,0.0013853866018532586
current_nsw_case_init_0.2,interview_isolation,11,7.419371008893695e-12
current_nsw_case_init_0.2,isolation_swab,12,3.0914045870390403e-13
current_nsw_case_init_0.2,test_turnaround_time,12,4.4016123801139787e-4
current_nsw_case_init_0.2,time_to_interview,12,9.722011241075498e-4
current_nsw_case_init_0.2,interview_isolation,12,3.0914045870390403e-13
current_nsw_case_init_0.2,isolation_swab,13,1.189001764245786e-14
current_nsw_case_init_0.2,test_turnaround_time,13,1.1583190473984154e-4
current_nsw_case_init_0.2,time_to_interview,13,4.374905058483974e-4
current_nsw_case_init_0.2,interview_isolation,13,1.189001764245786e-14
current_nsw_case_init_0.2,isolation_swab,14,4.246434872306379e-16
current_nsw_case_init_0.2,test_turnaround_time,14,3.2432933327155634e-4
current_nsw_case_init_0.2,time_to_interview,14,3.1596536533495367e-4
current_nsw_case_init_0.2,interview_isolation,14,4.246434872306379e-16
current_nsw_case_init_0.4,isolation_swab,0,0.6065306597126334
current_nsw_case_init_0.4,test_turnaround_time,0,0.11553074178751796
current_nsw_case_init_0.4,time_to_interview,0,0.5568950326598815
current_nsw_case_init_0.4,interview_isolation,0,0.6065306597126334
current_nsw_case_init_0.4,isolation_swab,1,0.3032653298563167
current_nsw_case_init_0.4,test_turnaround_time,1,0.5632905527498494
current_nsw_case_init_0.4,time_to_interview,1,0.16003038128512836
current_nsw_case_init_0.4,interview_isolation,1,0.3032653298563167
current_nsw_case_init_0.4,isolation_swab,2,0.07581633246407919
current_nsw_case_init_0.4,test_turnaround_time,2,0.22974099986100172
current_nsw_case_init_0.4,time_to_interview,2,0.07280571168160413
current_nsw_case_init_0.4,interview_isolation,2,0.07581633246407919
current_nsw_case_init_0.4,isolation_swab,3,0.012636055410679864
current_nsw_case_init_0.4,test_turnaround_time,3,0.06336005189269332
current_nsw_case_init_0.4,time_to_interview,3,0.057766975543065466
current_nsw_case_init_0.4,interview_isolation,3,0.012636055410679864
current_nsw_case_init_0.4,isolation_swab,4,0.0015795069263349838
current_nsw_case_init_0.4,test_turnaround_time,4,0.013390168187925683
current_nsw_case_init_0.4,time_to_interview,4,0.04449643019899742
current_nsw_case_init_0.4,interview_isolation,4,0.0015795069263349838
current_nsw_case_init_0.4,isolation_swab,5,1.5795069263349796e-4
current_nsw_case_init_0.4,test_turnaround_time,5,0.005397766760876616
current_nsw_case_init_0.4,time_to_interview,5,0.053902476074737964
current_nsw_case_init_0.4,interview_isolation,5,1.5795069263349796e-4
current_nsw_case_init_0.4,isolation_swab,6,1.3162557719458172e-5
current_nsw_case_init_0.4,test_turnaround_time,6,0.0028262984756521337
current_nsw_case_init_0.4,time_to_interview,6,0.03157223150539268
current_nsw_case_init_0.4,interview_isolation,6,1.3162557719458172e-5
current_nsw_case_init_0.4,isolation_swab,7,9.401826942470148e-7
current_nsw_case_init_0.4,test_turnaround_time,7,0.0020618079043691795
current_nsw_case_init_0.4,time_to_interview,7,0.010973720188363968
current_nsw_case_init_0.4,interview_isolation,7,9.401826942470148e-7
current_nsw_case_init_0.4,isolation_swab,8,5.876141839043841e-8
current_nsw_case_init_0.4,test_turnaround_time,8,0.0017838113329935598
current_nsw_case_init_0.4,time_to_interview,8,0.004757709251101322
current_nsw_case_init_0.4,interview_isolation,8,5.876141839043841e-8
current_nsw_case_init_0.4,isolation_swab,9,3.264523243913249e-9
current_nsw_case_init_0.4,test_turnaround_time,9,9.498216188667006e-4
current_nsw_case_init_0.4,time_to_interview,9,0.00280723074586055
current_nsw_case_init_0.4,interview_isolation,9,3.264523243913249e-9
current_nsw_case_init_0.4,isolation_swab,10,1.632261621956627e-10
current_nsw_case_init_0.4,test_turnaround_time,10,5.791595236992077e-4
current_nsw_case_init_0.4,time_to_interview,10,0.0016588181680085067
current_nsw_case_init_0.4,interview_isolation,10,1.632261621956627e-10
current_nsw_case_init_0.4,isolation_swab,11,7.419371008893695e-12
current_nsw_case_init_0.4,test_turnaround_time,11,2.0849742853171479e-4
current_nsw_case_init_0.4,time_to_interview,11,0.0010390399513899439
current_nsw_case_init_0.4,interview_isolation,11,7.419371008893695e-12
current_nsw_case_init_0.4,isolation_swab,12,3.0914045870390403e-13
current_nsw_case_init_0.4,test_turnaround_time,12,4.4016123801139787e-4
current_nsw_case_init_0.4,time_to_interview,12,7.291508430806623e-4
current_nsw_case_init_0.4,interview_isolation,12,3.0914045870390403e-13
current_nsw_case_init_0.4,isolation_swab,13,1.189001764245786e-14
current_nsw_case_init_0.4,test_turnaround_time,13,1.1583190473984154e-4
current_nsw_case_init_0.4,time_to_interview,13,3.2811787938629805e-4
current_nsw_case_init_0.4,interview_isolation,13,1.189001764245786e-14
current_nsw_case_init_0.4,isolation_swab,14,4.246434872306379e-16
current_nsw_case_init_0.4,test_turnaround_time,14,3.2432933327155634e-4
current_nsw_case_init_0.4,time_to_interview,14,2.3697402400121523e-4
current_nsw_case_init_0.4,interview_isolation,14,4.246434872306379e-16
current_nsw_case_init_0.6,isolation_swab,0,0.6065306597126334
current_nsw_case_init_0.6,test_turnaround_time,0,0.11553074178751796
current_nsw_case_init_0.6,time_to_interview,0,0.7045966884399211
current_nsw_case_init_0.6,interview_isolation,0,0.6065306597126334
current_nsw_case_init_0.6,isolation_swab,1,0.3032653298563167
current_nsw_case_init_0.6,test_turnaround_time,1,0.5632905527498494
current_nsw_case_init_0.6,time_to_interview,1,0.10668692085675222
current_nsw_case_init_0.6,interview_isolation,1,0.3032653298563167
current_nsw_case_init_0.6,isolation_swab,2,0.07581633246407919
current_nsw_case_init_0.6,test_turnaround_time,2,0.22974099986100172
current_nsw_case_init_0.6,time_to_interview,2,0.04853714112106941
current_nsw_case_init_0.6,interview_isolation,2,0.07581633246407919
current_nsw_case_init_0.6,isolation_swab,3,0.012636055410679864
current_nsw_case_init_0.6,test_turnaround_time,3,0.06336005189269332
current_nsw_case_init_0.6,time_to_interview,3,0.0385113170287103
current_nsw_case_init_0.6,interview_isolation,3,0.012636055410679864
current_nsw_case_init_0.6,isolation_swab,4,0.0015795069263349838
current_nsw_case_init_0.6,test_turnaround_time,4,0.013390168187925683
current_nsw_case_init_0.6,time_to_interview,4,0.029664286799331606
current_nsw_case_init_0.6,interview_isolation,4,0.0015795069263349838
current_nsw_case_init_0.6,isolation_swab,5,1.5795069263349796e-4
current_nsw_case_init_0.6,test_turnaround_time,5,0.005397766760876616
current_nsw_case_init_0.6,time_to_interview,5,0.0359349840498253
current_nsw_case_init_0.6,interview_isolation,5,1.5795069263349796e-4
current_nsw_case_init_0.6,isolation_swab,6,1.3162557719458172e-5
current_nsw_case_init_0.6,test_turnaround_time,6,0.0028262984756521337
current_nsw_case_init_0.6,time_to_interview,6,0.021048154336928446
current_nsw_case_init_0.6,interview_isolation,6,1.3162557719458172e-5
current_nsw_case_init_0.6,isolation_swab,7,9.401826942470148e-7
current_nsw_case_init_0.6,test_turnaround_time,7,0.0020618079043691795
current_nsw_case_init_0.6,time_to_interview,7,0.007315813458909311
current_nsw_case_init_0.6,interview_isolation,7,9.401826942470148e-7
current_nsw_case_init_0.6,isolation_swab,8,5.876141839043841e-8
current_nsw_case_init_0.6,test_turnaround_time,8,0.0017838113329935598
current_nsw_case_init_0.6,time_to_interview,8,0.0031718061674008806
current_nsw_case_init_0.6,interview_isolation,8,5.876141839043841e-8
current_nsw_case_init_0.6,isolation_swab,9,3.264523243913249e-9
current_nsw_case_init_0.6,test_turnaround_time,9,9.498216188667006e-4
current_nsw_case_init_0.6,time_to_interview,9,0.0018714871639070327
current_nsw_case_init_0.6,interview_isolation,9,3.264523243913249e-9
current_nsw_case_init_0.6,isolation_swab,10,1.632261621956627e-10
current_nsw_case_init_0.6,test_turnaround_time,10,5.791595236992077e-4
current_nsw_case_init_0.6,time_to_interview,10,0.0011058787786723376
current_nsw_case_init_0.6,interview_isolation,10,1.632261621956627e-10
current_nsw_case_init_0.6,isolation_swab,11,7.419371008893695e-12
current_nsw_case_init_0.6,test_turnaround_time,11,2.0849742853171479e-4
current_nsw_case_init_0.6,time_to_interview,11,6.926933009266291e-4
current_nsw_case_init_0.6,interview_isolation,11,7.419371008893695e-12
current_nsw_case_init_0.6,isolation_swab,12,3.0914045870390403e-13
current_nsw_case_init_0.6,test_turnaround_time,12,4.4016123801139787e-4
current_nsw_case_init_0.6,time_to_interview,12,4.861005620537748e-4
current_nsw_case_init_0.6,interview_isolation,12,3.0914045870390403e-13
current_nsw_case_init_0.6,isolation_swab,13,1.189001764245786e-14
current_nsw_case_init_0.6,test_turnaround_time,13,1.1583190473984154e-4
current_nsw_case_init_0.6,time_to_interview,13,2.1874525292419865e-4
current_nsw_case_init_0.6,interview_isolation,13,1.189001764245786e-14
current_nsw_case_init_0.6,isolation_swab,14,4.246434872306379e-16
current_nsw_case_init_0.6,test_turnaround_time,14,3.2432933327155634e-4
current_nsw_case_init_0.6,time_to_interview,14,1.5798268266747678e-4
current_nsw_case_init_0.6,interview_isolation,14,4.246434872306379e-16
current_nsw_case_init_0.8,isolation_swab,0,0.6065306597126334
current_nsw_case_init_0.8,test_turnaround_time,0,0.11553074178751796
current_nsw_case_init_0.8,time_to_interview,0,0.8522983442199605
current_nsw_case_init_0.8,interview_isolation,0,0.6065306597126334
current_nsw_case_init_0.8,isolation_swab,1,0.3032653298563167
current_nsw_case_init_0.8,test_turnaround_time,1,0.5632905527498494
current_nsw_case_init_0.8,time_to_interview,1,0.05334346042837611
current_nsw_case_init_0.8,interview_isolation,1,0.3032653298563167
current_nsw_case_init_0.8,isolation_swab,2,0.07581633246407919
current_nsw_case_init_0.8,test_turnaround_time,2,0.22974099986100172
current_nsw_case_init_0.8,time_to_interview,2,0.024268570560534705
current_nsw_case_init_0.8,interview_isolation,2,0.07581633246407919
current_nsw_case_init_0.8,isolation_swab,3,0.012636055410679864
current_nsw_case_init_0.8,test_turnaround_time,3,0.06336005189269332
current_nsw_case_init_0.8,time_to_interview,3,0.01925565851435515
current_nsw_case_init_0.8,interview_isolation,3,0.012636055410679864
current_nsw_case_init_0.8,isolation_swab,4,0.0015795069263349838
current_nsw_case_init_0.8,test_turnaround_time,4,0.013390168187925683
current_nsw_case_init_0.8,time_to_interview,4,0.014832143399665803
current_nsw_case_init_0.8,interview_isolation,4,0.0015795069263349838
current_nsw_case_init_0.8,isolation_swab,5,1.5795069263349796e-4
current_nsw_case_init_0.8,test_turnaround_time,5,0.005397766760876616
current_nsw_case_init_0.8,time_to_interview,5,0.01796749202491265
current_nsw_case_init_0.8,interview_isolation,5,1.5795069263349796e-4
current_nsw_case_init_0.8,isolation_swab,6,1.3162557719458172e-5
current_nsw_case_init_0.8,test_turnaround_time,6,0.0028262984756521337
current_nsw_case_init_0.8,time_to_interview,6,0.010524077168464223
current_nsw_case_init_0.8,interview_isolation,6,1.3162557719458172e-5
current_nsw_case_init_0.8,isolation_swab,7,9.401826942470148e-7
current_nsw_case_init_0.8,test_turnaround_time,7,0.0020618079043691795
current_nsw_case_init_0.8,time_to_interview,7,0.0036579067294546554
current_nsw_case_init_0.8,interview_isolation,7,9.401826942470148e-7
current_nsw_case_init_0.8,isolation_swab,8,5.876141839043841e-8
current_nsw_case_init_0.8,test_turnaround_time,8,0.0017838113329935598
current_nsw_case_init_0.8,time_to_interview,8,0.0015859030837004403
current_nsw_case_init_0.8,interview_isolation,8,5.876141839043841e-8
current_nsw_case_init_0.8,isolation_swab,9,3.264523243913249e-9
current_nsw_case_init_0.8,test_turnaround_time,9,9.498216188667006e-4
current_nsw_case_init_0.8,time_to_interview,9,9.357435819535164e-4
current_nsw_case_init_0.8,interview_isolation,9,3.264523243913249e-9
current_nsw_case_init_0.8,isolation_swab,10,1.632261621956627e-10
current_nsw_case_init_0.8,test_turnaround_time,10,5.791595236992077e-4
current_nsw_case_init_0.8,time_to_interview,10,5.529393893361688e-4
current_nsw_case_init_0.8,interview_isolation,10,1.632261621956627e-10
current_nsw_case_init_0.8,isolation_swab,11,7.419371008893695e-12
current_nsw_case_init_0.8,test_turnaround_time,11,2.0849742853171479e-4
current_nsw_case_init_0.8,time_to_interview,11,3.4634665046331454e-4
current_nsw_case_init_0.8,interview_isolation,11,7.419371008893695e-12
current_nsw_case_init_0.8,isolation_swab,12,3.0914045870390403e-13
current_nsw_case_init_0.8,test_turnaround_time,12,4.4016123801139787e-4
current_nsw_case_init_0.8,time_to_interview,12,2.430502810268874e-4
current_nsw_case_init_0.8,interview_isolation,12,3.0914045870390403e-13
current_nsw_case_init_0.8,isolation_swab,13,1.189001764245786e-14
current_nsw_case_init_0.8,test_turnaround_time,13,1.1583190473984154e-4
current_nsw_case_init_0.8,time_to_interview,13,1.0937262646209933e-4
current_nsw_case_init_0.8,interview_isolation,13,1.189001764245786e-14
current_nsw_case_init_0.8,isolation_swab,14,4.246434872306379e-16
current_nsw_case_init_0.8,test_turnaround_time,14,3.2432933327155634e-4
current_nsw_case_init_0.8,time_to_interview,14,7.899134133373839e-5
current_nsw_case_init_0.8,interview_isolation,14,4.246434872306379e-16
current_vic_case_init_0.2,isolation_swab,0,0.6065306597126334
current_vic_case_init_0.2,test_turnaround_time,0,0.08005381769256643
current_vic_case_init_0.2,time_to_interview,0,0.6591696896412738
current_vic_case_init_0.2,interview_isolation,0,0.6065306597126334
current_vic_case_init_0.2,isolation_swab,1,0.3032653298563167
current_vic_case_init_0.2,test_turnaround_time,1,0.7307433568785738
current_vic_case_init_0.2,time_to_interview,1,0.2876259572752922
current_vic_case_init_0.2,interview_isolation,1,0.3032653298563167
current_vic_case_init_0.2,isolation_swab,2,0.07581633246407919
current_vic_case_init_0.2,test_turnaround_time,2,0.1718802556340397
current_vic_case_init_0.2,time_to_interview,2,0.03417976622329706
current_vic_case_init_0.2,interview_isolation,2,0.07581633246407919
current_vic_case_init_0.2,isolation_swab,3,0.012636055410679864
current_vic_case_init_0.2,test_turnaround_time,3,0.01580894719138917
current_vic_case_init_0.2,time_to_interview,3,0.00999596936719065
current_vic_case_init_0.2,interview_isolation,3,0.012636055410679864
current_vic_case_init_0.2,isolation_swab,4,0.0015795069263349838
current_vic_case_init_0.2,test_turnaround_time,4,0.0013454423141607804
current_vic_case_init_0.2,time_to_interview,4,0.0035469568722289405
current_vic_case_init_0.2,interview_isolation,4,0.0015795069263349838
current_vic_case_init_0.2,isolation_swab,5,1.5795069263349796e-4
current_vic_case_init_0.2,test_turnaround_time,5,1.6818028927009755e-4
current_vic_case_init_0.2,time_to_interview,5,0.0022571543732365982
current_vic_case_init_0.2,interview_isolation,5,1.5795069263349796e-4
current_vic_case_init_0.2,isolation_swab,6,1.3162557719458172e-5
current_vic_case_init_0.2,test_turnaround_time,6,0
current_vic_case_init_0.2,time_to_interview,6,6.449012494961709e-4
current_vic_case_init_0.2,interview_isolation,6,1.3162557719458172e-5
current_vic_case_init_0.2,isolation_swab,7,9.401826942470148e-7
current_vic_case_init_0.2,test_turnaround_time,7,0
current_vic_case_init_0.2,time_to_interview,7,0.0012898024989923419
current_vic_case_init_0.2,interview_isolation,7,9.401826942470148e-7
current_vic_case_init_0.2,isolation_swab,8,5.876141839043841e-8
current_vic_case_init_0.2,test_turnaround_time,8,0
current_vic_case_init_0.2,time_to_interview,8,3.2245062474808546e-4
current_vic_case_init_0.2,interview_isolation,8,5.876141839043841e-8
current_vic_case_init_0.2,isolation_swab,9,3.264523243913249e-9
current_vic_case_init_0.2,test_turnaround_time,9,0
current_vic_case_init_0.2,time_to_interview,9,3.2245062474808546e-4
current_vic_case_init_0.2,interview_isolation,9,3.264523243913249e-9
current_vic_case_init_0.2,isolation_swab,10,1.632261621956627e-10
current_vic_case_init_0.2,test_turnaround_time,10,0
current_vic_case_init_0.2,time_to_interview,10,6.449012494961709e-4
current_vic_case_init_0.2,interview_isolation,10,1.632261621956627e-10
current_vic_case_init_0.2,isolation_swab,11,7.419371008893695e-12
current_vic_case_init_0.2,test_turnaround_time,11,0
current_vic_case_init_0.2,time_to_interview,11,0
current_vic_case_init_0.2,interview_isolation,11,7.419371008893695e-12
current_vic_case_init_0.2,isolation_swab,12,3.0914045870390403e-13
current_vic_case_init_0.2,test_turnaround_time,12,0
current_vic_case_init_0.2,time_to_interview,12,0
current_vic_case_init_0.2,interview_isolation,12,3.0914045870390403e-13
current_vic_case_init_0.2,isolation_swab,13,1.189001764245786e-14
current_vic_case_init_0.2,test_turnaround_time,13,0
current_vic_case_init_0.2,time_to_interview,13,0
current_vic_case_init_0.2,interview_isolation,13,1.189001764245786e-14
current_vic_case_init_0.2,isolation_swab,14,4.246434872306379e-16
current_vic_case_init_0.2,test_turnaround_time,14,0
current_vic_case_init_0.2,time_to_interview,14,0
current_vic_case_init_0.2,interview_isolation,14,4.246434872306379e-16
current_vic_case_init_0.4,isolation_swab,0,0.6065306597126334
current_vic_case_init_0.4,test_turnaround_time,0,0.08005381769256643
current_vic_case_init_0.4,time_to_interview,0,0.7443772672309553
current_vic_case_init_0.4,interview_isolation,0,0.6065306597126334
current_vic_case_init_0.4,isolation_swab,1,0.3032653298563167
current_vic_case_init_0.4,test_turnaround_time,1,0.7307433568785738
current_vic_case_init_0.4,time_to_interview,1,0.21571946795646918
current_vic_case_init_0.4,interview_isolation,1,0.3032653298563167
current_vic_case_init_0.4,isolation_swab,2,0.07581633246407919
current_vic_case_init_0.4,test_turnaround_time,2,0.1718802556340397
current_vic_case_init_0.4,time_to_interview,2,0.025634824667472796
current_vic_case_init_0.4,interview_isolation,2,0.07581633246407919
current_vic_case_init_0.4,isolation_swab,3,0.012636055410679864
current_vic_case_init_0.4,test_turnaround_time,3,0.01580894719138917
current_vic_case_init_0.4,time_to_interview,3,0.007496977025392987
current_vic_case_init_0.4,interview_isolation,3,0.012636055410679864
current_vic_case_init_0.4,isolation_swab,4,0.0015795069263349838
current_vic_case_init_0.4,test_turnaround_time,4,0.0013454423141607804
current_vic_case_init_0.4,time_to_interview,4,0.0026602176541717054
current_vic_case_init_0.4,interview_isolation,4,0.0015795069263349838
current_vic_case_init_0.4,isolation_swab,5,1.5795069263349796e-4
current_vic_case_init_0.4,test_turnaround_time,5,1.6818028927009755e-4
current_vic_case_init_0.4,time_to_interview,5,0.0016928657799274486
current_vic_case_init_0.4,interview_isolation,5,1.5795069263349796e-4
current_vic_case_init_0.4,isolation_swab,6,1.3162557719458172e-5
current_vic_case_init_0.4,test_turnaround_time,6,0
current_vic_case_init_0.4,time_to_interview,6,4.8367593712212825e-4
current_vic_case_init_0.4,interview_isolation,6,1.3162557719458172e-5
current_vic_case_init_0.4,isolation_swab,7,9.401826942470148e-7
current_vic_case_init_0.4,test_turnaround_time,7,0
current_vic_case_init_0.4,time_to_interview,7,9.673518742442565e-4
current_vic_case_init_0.4,interview_isolation,7,9.401826942470148e-7
current_vic_case_init_0.4,isolation_swab,8,5.876141839043841e-8
current_vic_case_init_0.4,test_turnaround_time,8,0
current_vic_case_init_0.4,time_to_interview,8,2.4183796856106412e-4
current_vic_case_init_0.4,interview_isolation,8,5.876141839043841e-8
current_vic_case_init_0.4,isolation_swab,9,3.264523243913249e-9
current_vic_case_init_0.4,test_turnaround_time,9,0
current_vic_case_init_0.4,time_to_interview,9,2.4183796856106412e-4
current_vic_case_init_0.4,interview_isolation,9,3.264523243913249e-9
current_vic_case_init_0.4,isolation_swab,10,1.632261621956627e-10
current_vic_case_init_0.4,test_turnaround_time,10,0
current_vic_case_init_0.4,time_to_interview,10,4.8367593712212825e-4
current_vic_case_init_0.4,interview_isolation,10,1.632261621956627e-10
current_vic_case_init_0.4,isolation_swab,11,7.419371008893695e-12
current_vic_case_init_0.4,test_turnaround_time,11,0
current_vic_case_init_0.4,time_to_interview,11,0
current_vic_case_init_0.4,interview_isolation,11,7.419371008893695e-12
current_vic_case_init_0.4,isolation_swab,12,3.0914045870390403e-13
current_vic_case_init_0.4,test_turnaround_time,12,0
current_vic_case_init_0.4,time_to_interview,12,0
current_vic_case_init_0.4,interview_isolation,12,3.0914045870390403e-13
current_vic_case_init_0.4,isolation_swab,13,1.189001764245786e-14
current_vic_case_init_0.4,test_turnaround_time,13,0
current_vic_case_init_0.4,time_to_interview,13,0
current_vic_case_init_0.4,interview_isolation,13,1.189001764245786e-14
current_vic_case_init_0.4,isolation_swab,14,4.246434872306379e-16
current_vic_case_init_0.4,test_turnaround_time,14,0
current_vic_case_init_0.4,time_to_interview,14,0
current_vic_case_init_0.4,interview_isolation,14,4.246434872306379e-16
current_vic_case_init_0.6,isolation_swab,0,0.6065306597126334
current_vic_case_init_0.6,test_turnaround_time,0,0.08005381769256643
current_vic_case_init_0.6,time_to_interview,0,0.8295848448206369
current_vic_case_init_0.6,interview_isolation,0,0.6065306597126334
current_vic_case_init_0.6,isolation_swab,1,0.3032653298563167
current_vic_case_init_0.6,test_turnaround_time,1,0.7307433568785738
current_vic_case_init_0.6,time_to_interview,1,0.14381297863764608
current_vic_case_init_0.6,interview_isolation,1,0.3032653298563167
current_vic_case_init_0.6,isolation_swab,2,0.07581633246407919
current_vic_case_init_0.6,test_turnaround_time,2,0.1718802556340397
current_vic_case_init_0.6,time_to_interview,2,0.017089883111648527
current_vic_case_init_0.6,interview_isolation,2,0.07581633246407919
current_vic_case_init_0.6,isolation_swab,3,0.012636055410679864
current_vic_case_init_0.6,test_turnaround_time,3,0.01580894719138917
current_vic_case_init_0.6,time_to_interview,3,0.004997984683595323
current_vic_case_init_0.6,interview_isolation,3,0.012636055410679864
current_vic_case_init_0.6,isolation_swab,4,0.0015795069263349838
current_vic_case_init_0.6,test_turnaround_time,4,0.0013454423141607804
current_vic_case_init_0.6,time_to_interview,4,0.0017734784361144696
current_vic_case_init_0.6,interview_isolation,4,0.0015795069263349838
current_vic_case_init_0.6,isolation_swab,5,1.5795069263349796e-4
current_vic_case_init_0.6,test_turnaround_time,5,1.6818028927009755e-4
current_vic_case_init_0.6,time_to_interview,5,0.0011285771866182987
current_vic_case_init_0.6,interview_isolation,5,1.5795069263349796e-4
current_vic_case_init_0.6,isolation_swab,6,1.3162557719458172e-5
current_vic_case_init_0.6,test_turnaround_time,6,0
current_vic_case_init_0.6,time_to_interview,6,3.224506247480854e-4
current_vic_case_init_0.6,interview_isolation,6,1.3162557719458172e-5
current_vic_case_init_0.6,isolation_swab,7,9.401826942470148e-7
current_vic_case_init_0.6,test_turnaround_time,7,0
current_vic_case_init_0.6,time_to_interview,7,6.449012494961708e-4
current_vic_case_init_0.6,interview_isolation,7,9.401826942470148e-7
current_vic_case_init_0.6,isolation_swab,8,5.876141839043841e-8
current_vic_case_init_0.6,test_turnaround_time,8,0
current_vic_case_init_0.6,time_to_interview,8,1.612253123740427e-4
current_vic_case_init_0.6,interview_isolation,8,5.876141839043841e-8
current_vic_case_init_0.6,isolation_swab,9,3.264523243913249e-9
current_vic_case_init_0.6,test_turnaround_time,9,0
current_vic_case_init_0.6,time_to_interview,9,1.612253123740427e-4
current_vic_case_init_0.6,interview_isolation,9,3.264523243913249e-9
current_vic_case_init_0.6,isolation_swab,10,1.632261621956627e-10
current_vic_case_init_0.6,test_turnaround_time,10,0
current_vic_case_init_0.6,time_to_interview,10,3.224506247480854e-4
current_vic_case_init_0.6,interview_isolation,10,1.632261621956627e-10
current_vic_case_init_0.6,isolation_swab,11,7.419371008893695e-12
current_vic_case_init_0.6,test_turnaround_time,11,0
current_vic_case_init_0.6,time_to_interview,11,0
current_vic_case_init_0.6,interview_isolation,11,7.419371008893695e-12
current_vic_case_init_0.6,isolation_swab,12,3.0914045870390403e-13
current_vic_case_init_0.6,test_turnaround_time,12,0
current_vic_case_init_0.6,time_to_interview,12,0
current_vic_case_init_0.6,interview_isolation,12,3.0914045870390403e-13
current_vic_case_init_0.6,isolation_swab,13,1.189001764245786e-14
current_vic_case_init_0.6,test_turnaround_time,13,0
current_vic_case_init_0.6,time_to_interview,13,0
current_vic_case_init_0.6,interview_isolation,13,1.189001764245786e-14
current_vic_case_init_0.6,isolation_swab,14,4.246434872306379e-16
current_vic_case_init_0.6,test_turnaround_time,14,0
current_vic_case_init_0.6,time_to_interview,14,0
current_vic_case_init_0.6,interview_isolation,14,4.246434872306379e-16
current_vic_case_init_0.8,isolation_swab,0,0.6065306597126334
current_vic_case_init_0.8,test_turnaround_time,0,0.08005381769256643
current_vic_case_init_0.8,time_to_interview,0,0.9147924224103184
current_vic_case_init_0.8,interview_isolation,0,0.6065306597126334
current_vic_case_init_0.8,isolation_swab,1,0.3032653298563167
current_vic_case_init_0.8,test_turnaround_time,1,0.7307433568785738
current_vic_case_init_0.8,time_to_interview,1,0.07190648931882304
current_vic_case_init_0.8,interview_isolation,1,0.3032653298563167
current_vic_case_init_0.8,isolation_swab,2,0.07581633246407919
current_vic_case_init_0.8,test_turnaround_time,2,0.1718802556340397
current_vic_case_init_0.8,time_to_interview,2,0.008544941555824264
current_vic_case_init_0.8,interview_isolation,2,0.07581633246407919
current_vic_case_init_0.8,isolation_swab,3,0.012636055410679864
current_vic_case_init_0.8,test_turnaround_time,3,0.01580894719138917
current_vic_case_init_0.8,time_to_interview,3,0.0024989923417976616
current_vic_case_init_0.8,interview_isolation,3,0.012636055410679864
current_vic_case_init_0.8,isolation_swab,4,0.0015795069263349838
current_vic_case_init_0.8,test_turnaround_time,4,0.0013454423141607804
current_vic_case_init_0.8,time_to_interview,4,8.867392180572348e-4
current_vic_case_init_0.8,interview_isolation,4,0.0015795069263349838
current_vic_case_init_0.8,isolation_swab,5,1.5795069263349796e-4
current_vic_case_init_0.8,test_turnaround_time,5,1.6818028927009755e-4
current_vic_case_init_0.8,time_to_interview,5,5.642885933091493e-4
current_vic_case_init_0.8,interview_isolation,5,1.5795069263349796e-4
current_vic_case_init_0.8,isolation_swab,6,1.3162557719458172e-5
current_vic_case_init_0.8,test_turnaround_time,6,0
current_vic_case_init_0.8,time_to_interview,6,1.612253123740427e-4
current_vic_case_init_0.8,interview_isolation,6,1.3162557719458172e-5
current_vic_case_init_0.8,isolation_swab,7,9.401826942470148e-7
current_vic_case_init_0.8,test_turnaround_time,7,0
current_vic_case_init_0.8,time_to_interview,7,3.224506247480854e-4
current_vic_case_init_0.8,interview_isolation,7,9.401826942470148e-7
current_vic_case_init_0.8,isolation_swab,8,5.876141839043841e-8
current_vic_case_init_0.8,test_turnaround_time,8,0
current_vic_case_init_0.8,time_to_interview,8,8.061265618702135e-5
current_vic_case_init_0.8,interview_isolation,8,5.876141839043841e-8
current_vic_case_init_0.8,isolation_swab,9,3.264523243913249e-9
current_vic_case_init_0.8,test_turnaround_time,9,0
current_vic_case_init_0.8,time_to_interview,9,8.061265618702135e-5
current_vic_case_init_0.8,interview_isolation,9,3.264523243913249e-9
current_vic_case_init_0.8,isolation_swab,10,1.632261621956627e-10
current_vic_case_init_0.8,test_turnaround_time,10,0
current_vic_case_init_0.8,time_to_interview,10,1.612253123740427e-4
current_vic_case_init_0.8,interview_isolation,10,1.632261621956627e-10
current_vic_case_init_0.8,isolation_swab,11,7.419371008893695e-12
current_vic_case_init_0.8,test_turnaround_time,11,0
current_vic_case_init_0.8,time_to_interview,11,0
current_vic_case_init_0.8,interview_isolation,11,7.419371008893695e-12
current_vic_case_init_0.8,isolation_swab,12,3.0914045870390403e-13
current_vic_case_init_0.8,test_turnaround_time,12,0
current_vic_case_init_0.8,time_to_interview,12,0
current_vic_case_init_0.8,interview_isolation,12,3.0914045870390403e-13
current_vic_case_init_0.8,isolation_swab,13,1.189001764245786e-14
current_vic_case_init_0.8,test_turnaround_time,13,0
current_vic_case_init_0.8,time_to_interview,13,0
current_vic_case_init_0.8,interview_isolation,13,1.189001764245786e-14
current_vic_case_init_0.8,isolation_swab,14,4.246434872306379e-16
current_vic_case_init_0.8,test_turnaround_time,14,0
current_vic_case_init_0.8,time_to_interview,14,0
current_vic_case_init_0.8,interview_isolation,14,4.246434872306379e-16
